,Iteration,Time,Fitness,Temperature,max_iters
0,0,5.1400000000256796e-05,1.0,4,10000
1,1,0.005174499999998972,1.0,4,10000
2,2,0.005206400000002276,1.0,4,10000
3,3,0.0052362999999999715,1.0,4,10000
4,4,0.00525999999999982,1.0,4,10000
5,5,0.005282400000002241,1.0,4,10000
6,6,0.005304900000002277,1.0,4,10000
7,7,0.005327000000001192,1.0,4,10000
8,8,0.005347100000001603,3.0,4,10000
9,9,0.005369300000001687,2.0,4,10000
10,10,0.005391100000000648,2.0,4,10000
11,11,0.005412599999999657,2.0,4,10000
12,12,0.005433800000002265,0.0,4,10000
13,13,0.005454600000000198,0.0,4,10000
14,14,0.005473900000001919,2.0,4,10000
15,15,0.005495500000002096,2.0,4,10000
16,16,0.005517100000002273,2.0,4,10000
17,17,0.00553899999999885,2.0,4,10000
18,18,0.005560700000000196,2.0,4,10000
19,19,0.005581400000000514,5.0,4,10000
20,20,0.005604200000000503,5.0,4,10000
21,21,0.005628800000000211,5.0,4,10000
22,22,0.005648199999999548,5.0,4,10000
23,23,0.005667899999998838,5.0,4,10000
24,24,0.005691600000002239,3.0,4,10000
25,25,0.0057152000000009195,3.0,4,10000
26,26,0.0057392000000007215,3.0,4,10000
27,27,0.005761500000001973,5.0,4,10000
28,28,0.0057858000000017284,5.0,4,10000
29,29,0.005809899999999146,4.0,4,10000
30,30,0.005834000000000117,4.0,4,10000
31,31,0.0058581000000010874,4.0,4,10000
32,32,0.005881800000000936,4.0,4,10000
33,33,0.005905800000000738,4.0,4,10000
34,34,0.005929099999999465,4.0,4,10000
35,35,0.005948199999998849,4.0,4,10000
36,36,0.00597280000000211,4.0,4,10000
37,37,0.005996700000000743,4.0,4,10000
38,38,0.00601999999999947,3.0,4,10000
39,39,0.0060435000000005346,3.0,4,10000
40,40,0.0060661000000017395,3.0,4,10000
41,41,0.006089500000001635,3.0,4,10000
42,42,0.006111799999999334,1.0,4,10000
43,43,0.0061333999999995115,0.0,4,10000
44,44,0.006154900000002073,0.0,4,10000
45,45,0.00617650000000225,0.0,4,10000
46,46,0.006199000000002286,0.0,4,10000
47,47,0.006224400000000685,0.0,4,10000
48,48,0.006247800000000581,0.0,4,10000
49,49,0.006270300000000617,0.0,4,10000
50,50,0.0062925000000007,0.0,4,10000
51,51,0.0063160999999993805,1.0,4,10000
52,52,0.006338299999999464,2.0,4,10000
53,53,0.006362599999999219,2.0,4,10000
54,54,0.0063870000000001426,2.0,4,10000
55,55,0.006414400000000597,2.0,4,10000
56,56,0.006439499999999043,2.0,4,10000
57,57,0.006464300000001089,2.0,4,10000
58,58,0.006488900000000797,2.0,4,10000
59,59,0.006514500000001533,2.0,4,10000
60,60,0.006539400000001194,2.0,4,10000
61,61,0.006563800000002118,2.0,4,10000
62,62,0.006586800000000892,3.0,4,10000
63,63,0.006611500000001769,3.0,4,10000
64,64,0.006636900000000168,3.0,4,10000
65,65,0.006661799999999829,2.0,4,10000
66,66,0.006686300000001921,2.0,4,10000
67,67,0.006710099999999386,2.0,4,10000
68,68,0.006733799999999235,2.0,4,10000
69,69,0.006757600000000252,1.0,4,10000
70,70,0.006781799999998839,1.0,4,10000
71,71,0.006805800000002193,1.0,4,10000
72,72,0.006829599999999658,1.0,4,10000
73,73,0.006855300000001563,1.0,4,10000
74,74,0.006877700000000431,2.0,4,10000
75,75,0.006902600000000092,2.0,4,10000
76,76,0.006927400000002137,2.0,4,10000
77,77,0.006961300000000392,2.0,4,10000
78,78,0.0069890000000008,2.0,4,10000
79,79,0.007014999999999105,2.0,4,10000
80,80,0.0070405000000022255,2.0,4,10000
81,81,0.007066000000001793,2.0,4,10000
82,82,0.007090600000001501,2.0,4,10000
83,83,0.007116400000001022,2.0,4,10000
84,84,0.007141799999999421,2.0,4,10000
85,85,0.007166900000001419,2.0,4,10000
86,86,0.007191699999999912,2.0,4,10000
87,87,0.00721629999999962,2.0,4,10000
88,88,0.007240700000000544,2.0,4,10000
89,89,0.007266800000000018,2.0,4,10000
90,90,0.007289400000001223,3.0,4,10000
91,91,0.007314199999999715,3.0,4,10000
92,92,0.007339000000001761,3.0,4,10000
93,93,0.007363999999999038,3.0,4,10000
94,94,0.007385200000001646,3.0,4,10000
95,95,0.0074107999999988294,3.0,4,10000
96,96,0.007436200000000781,3.0,4,10000
97,97,0.007461100000000442,3.0,4,10000
98,98,0.007486000000000104,3.0,4,10000
99,99,0.007510800000002149,3.0,4,10000
100,100,0.007535600000000642,3.0,4,10000
101,101,0.007560800000000256,3.0,4,10000
102,102,0.00758740000000202,3.0,4,10000
103,103,0.007613800000001447,3.0,4,10000
104,104,0.007639600000000968,2.0,4,10000
105,105,0.007664099999999507,4.0,4,10000
106,106,0.0076910999999988405,4.0,4,10000
107,107,0.007719699999999108,4.0,4,10000
108,108,0.007746900000000778,4.0,4,10000
109,109,0.007773700000001327,4.0,4,10000
110,110,0.007800500000001875,4.0,4,10000
111,111,0.007826999999998918,4.0,4,10000
112,112,0.007848800000001432,4.0,4,10000
113,113,0.007874700000002122,3.0,4,10000
114,114,0.007900299999999305,3.0,4,10000
115,115,0.007925900000000041,3.0,4,10000
116,116,0.007951399999999609,3.0,4,10000
117,117,0.007979599999998754,3.0,4,10000
118,118,0.008007400000000331,3.0,4,10000
119,119,0.008033400000002189,3.0,4,10000
120,120,0.008059299999999325,3.0,4,10000
121,121,0.008081300000000624,3.0,4,10000
122,122,0.008107200000001313,3.0,4,10000
123,123,0.008133400000001956,3.0,4,10000
124,124,0.008159100000000308,3.0,4,10000
125,125,0.008185499999999735,3.0,4,10000
126,126,0.008211700000000377,3.0,4,10000
127,127,0.008235500000001394,3.0,4,10000
128,128,0.008262699999999512,3.0,4,10000
129,129,0.008289900000001182,3.0,4,10000
130,130,0.0083170999999993,3.0,4,10000
131,131,0.008343599999999896,3.0,4,10000
132,132,0.008370400000000444,3.0,4,10000
133,133,0.008393500000000387,3.0,4,10000
134,134,0.008420900000000842,3.0,4,10000
135,135,0.008447600000000222,3.0,4,10000
136,136,0.008469699999999136,3.0,4,10000
137,137,0.008496900000000807,3.0,4,10000
138,138,0.008524099999998924,3.0,4,10000
139,139,0.00855110000000181,3.0,4,10000
140,140,0.008577999999999975,3.0,4,10000
141,141,0.008605100000000476,3.0,4,10000
142,142,0.008632399999999762,3.0,4,10000
143,143,0.00865930000000148,3.0,4,10000
144,144,0.008686199999999644,3.0,4,10000
145,145,0.008713100000001361,3.0,4,10000
146,146,0.008736100000000135,3.0,4,10000
147,147,0.008763399999999422,3.0,4,10000
148,148,0.008791200000000998,3.0,4,10000
149,149,0.008815999999999491,3.0,4,10000
150,150,0.008845100000002049,3.0,4,10000
151,151,0.008873600000001147,3.0,4,10000
152,152,0.008901600000001508,3.0,4,10000
153,153,0.008930200000001776,3.0,4,10000
154,154,0.008958700000000874,3.0,4,10000
155,155,0.00899000000000072,3.0,4,10000
156,156,0.009019600000002015,3.0,4,10000
157,157,0.009048500000002235,3.0,4,10000
158,158,0.009075500000001568,4.0,4,10000
159,159,0.009099299999999033,4.0,4,10000
160,160,0.00912879999999916,4.0,4,10000
161,161,0.009157900000001717,4.0,4,10000
162,162,0.009182899999998995,4.0,4,10000
163,163,0.009212399999999121,4.0,4,10000
164,164,0.009242000000000417,4.0,4,10000
165,165,0.009269700000000825,5.0,4,10000
166,166,0.009299600000002073,5.0,4,10000
167,167,0.009329700000002106,5.0,4,10000
168,168,0.009354500000000598,5.0,4,10000
169,169,0.00938419999999951,5.0,4,10000
170,170,0.00941399999999959,5.0,4,10000
171,171,0.009444000000002006,5.0,4,10000
172,172,0.009474499999999608,5.0,4,10000
173,173,0.009505600000000669,5.0,4,10000
174,174,0.00953760000000159,5.0,4,10000
175,175,0.009562299999998913,5.0,4,10000
176,176,0.009591100000001518,7.0,4,10000
177,177,0.009615300000000104,7.0,4,10000
178,178,0.009646700000001118,7.0,4,10000
179,179,0.00967160000000078,7.0,4,10000
180,180,0.009696800000000394,7.0,4,10000
181,181,0.009723499999999774,7.0,4,10000
182,182,0.009755500000000694,7.0,4,10000
183,183,0.009788300000000305,7.0,4,10000
184,184,0.00982050000000001,7.0,4,10000
185,185,0.009852300000002145,7.0,4,10000
186,186,0.00987840000000162,7.0,4,10000
187,187,0.009904099999999971,7.0,4,10000
188,188,0.00993569999999977,10.0,4,10000
189,189,0.00996200000000158,10.0,4,10000
190,190,0.009990600000001848,10.0,4,10000
191,191,0.010063699999999898,10.0,4,10000
192,192,0.010116800000002257,10.0,4,10000
193,193,0.010159300000001537,10.0,4,10000
194,194,0.010191700000000026,10.0,4,10000
195,195,0.010216200000002118,10.0,4,10000
196,196,0.010241300000000564,10.0,4,10000
197,197,0.010267500000001206,10.0,4,10000
198,198,0.010292500000002036,10.0,4,10000
199,199,0.010318300000001557,10.0,4,10000
200,200,0.01035150000000229,10.0,4,10000
201,201,0.01038469999999947,10.0,4,10000
202,202,0.010419599999998752,15.0,4,10000
203,203,0.010447400000000329,15.0,4,10000
204,204,0.01047229999999999,15.0,4,10000
205,205,0.010497799999999557,15.0,4,10000
206,206,0.0105240000000002,15.0,4,10000
207,207,0.010548400000001124,15.0,4,10000
208,208,0.010584099999999097,15.0,4,10000
209,209,0.01061080000000203,15.0,4,10000
210,210,0.010638499999998885,15.0,4,10000
211,211,0.010666700000001583,15.0,4,10000
212,212,0.010695200000000682,15.0,4,10000
213,213,0.010731299999999777,15.0,4,10000
214,214,0.010767200000000088,15.0,4,10000
215,215,0.010792900000001993,15.0,4,10000
216,216,0.010829199999999872,15.0,4,10000
217,217,0.010866899999999902,15.0,4,10000
218,218,0.010895999999998907,15.0,4,10000
219,219,0.010925400000001417,15.0,4,10000
220,220,0.010956300000000141,15.0,4,10000
221,221,0.01098530000000153,15.0,4,10000
222,222,0.0110221000000017,35.0,4,10000
223,223,0.01105139999999949,35.0,4,10000
224,224,0.011077499999998963,35.0,4,10000
225,225,0.011113800000000396,36.0,4,10000
226,226,0.01114120000000085,36.0,4,10000
227,227,0.011167700000001446,36.0,4,10000
228,228,0.01119770000000031,36.0,4,10000
229,229,0.011225700000000671,36.0,4,10000
230,230,0.011252400000000051,36.0,4,10000
231,231,0.011282000000001347,36.0,4,10000
232,232,0.011310800000000398,36.0,4,10000
233,233,0.011337600000000947,36.0,4,10000
234,234,0.011368900000000792,36.0,4,10000
235,235,0.011395900000000125,36.0,4,10000
236,236,0.011425599999999037,36.0,4,10000
237,237,0.011454100000001688,36.0,4,10000
238,238,0.011480900000002237,36.0,4,10000
239,239,0.011510300000001195,36.0,4,10000
240,240,0.011537100000001743,36.0,4,10000
241,241,0.011565600000000842,36.0,4,10000
242,242,0.011592100000001437,36.0,4,10000
243,243,0.01161910000000077,36.0,4,10000
244,244,0.011647299999999916,36.0,4,10000
245,245,0.011674899999999155,36.0,4,10000
246,246,0.011704900000001572,36.0,4,10000
247,247,0.011735699999999127,36.0,4,10000
248,248,0.011763900000001826,36.0,4,10000
249,249,0.011794099999999474,36.0,4,10000
250,250,0.011822699999999742,36.0,4,10000
251,251,0.011850899999998887,36.0,4,10000
252,252,0.01188240000000107,36.0,4,10000
253,253,0.011913800000002084,36.0,4,10000
254,254,0.011944299999999686,36.0,4,10000
255,255,0.011974699999999672,36.0,4,10000
256,256,0.01200719999999933,36.0,4,10000
257,257,0.012035700000001981,36.0,4,10000
258,258,0.01206589999999963,36.0,4,10000
259,259,0.012096599999999569,36.0,4,10000
260,260,0.012127400000000677,36.0,4,10000
261,261,0.012159600000000381,36.0,4,10000
262,262,0.012190700000001442,36.0,4,10000
263,263,0.012220400000000353,36.0,4,10000
264,264,0.012252000000000152,36.0,4,10000
265,265,0.012280900000000372,36.0,4,10000
266,266,0.012311799999999096,36.0,4,10000
267,267,0.012344099999999969,36.0,4,10000
268,268,0.012375399999999814,36.0,4,10000
269,269,0.012406600000002044,36.0,4,10000
270,270,0.012437099999999646,36.0,4,10000
271,271,0.012464999999998838,36.0,4,10000
272,272,0.012493700000000274,36.0,4,10000
273,273,0.012522100000001757,36.0,4,10000
274,274,0.012553400000001602,36.0,4,10000
275,275,0.012581600000000748,36.0,4,10000
276,276,0.012611100000000874,36.0,4,10000
277,277,0.012642200000001935,36.0,4,10000
278,278,0.012673200000001827,36.0,4,10000
279,279,0.012705499999999148,36.0,4,10000
280,280,0.01273649999999904,36.0,4,10000
281,281,0.012767000000000195,36.0,4,10000
282,282,0.01279970000000219,36.0,4,10000
283,283,0.012831099999999651,36.0,4,10000
284,284,0.012861600000000806,36.0,4,10000
285,285,0.012894200000001632,36.0,4,10000
286,286,0.012922400000000778,36.0,4,10000
287,287,0.012951900000000904,36.0,4,10000
288,288,0.012985199999999253,36.0,4,10000
289,289,0.013017600000001295,36.0,4,10000
290,290,0.013051000000000812,36.0,4,10000
291,291,0.013083600000001638,36.0,4,10000
292,292,0.013117099999998771,36.0,4,10000
293,293,0.013148600000000954,36.0,4,10000
294,294,0.01318069999999949,36.0,4,10000
295,295,0.013208999999999804,36.0,4,10000
296,296,0.01323939999999979,36.0,4,10000
297,297,0.013268799999998748,36.0,4,10000
298,298,0.013301300000001959,36.0,4,10000
299,299,0.013334499999999139,36.0,4,10000
300,300,0.013364400000000387,36.0,4,10000
301,301,0.013395899999999017,36.0,4,10000
302,302,0.01342819999999989,36.0,4,10000
303,303,0.01345940000000212,36.0,4,10000
304,304,0.013491399999999487,36.0,4,10000
305,305,0.013523100000000454,36.0,4,10000
306,306,0.01355519999999899,36.0,4,10000
307,307,0.013587099999998742,36.0,4,10000
308,308,0.013617400000001112,36.0,4,10000
309,309,0.013647999999999882,36.0,4,10000
310,310,0.013680199999999587,36.0,4,10000
311,311,0.01371119999999948,36.0,4,10000
312,312,0.013743399999999184,36.0,4,10000
313,313,0.013773900000000339,36.0,4,10000
314,314,0.013805300000001353,36.0,4,10000
315,315,0.013838299999999748,36.0,4,10000
316,316,0.013867399999998753,36.0,4,10000
317,317,0.01389830000000103,36.0,4,10000
318,318,0.013928599999999847,36.0,4,10000
319,319,0.013961900000001748,36.0,4,10000
320,320,0.013995099999998928,36.0,4,10000
321,321,0.014025900000000036,36.0,4,10000
322,322,0.014060000000000628,36.0,4,10000
323,323,0.01409100000000052,36.0,4,10000
324,324,0.014122000000000412,36.0,4,10000
325,325,0.01415450000000007,36.0,4,10000
326,326,0.014187899999999587,36.0,4,10000
327,327,0.014218800000001863,36.0,4,10000
328,328,0.014251300000001521,36.0,4,10000
329,329,0.01428239999999903,36.0,4,10000
330,330,0.014316400000002005,36.0,4,10000
331,331,0.014348800000000494,36.0,4,10000
332,332,0.01438179999999889,36.0,4,10000
333,333,0.01441289999999995,36.0,4,10000
334,334,0.014446500000001805,36.0,4,10000
335,335,0.014479800000000154,36.0,4,10000
336,336,0.014512800000002102,36.0,4,10000
337,337,0.014546500000001572,36.0,4,10000
338,338,0.014580399999999827,36.0,4,10000
339,339,0.014612299999999578,36.0,4,10000
340,340,0.01464509999999919,36.0,4,10000
341,341,0.014676500000000203,36.0,4,10000
342,342,0.014706400000001452,36.0,4,10000
343,343,0.014735900000001578,36.0,4,10000
344,344,0.014769300000001095,36.0,4,10000
345,345,0.014802500000001828,36.0,4,10000
346,346,0.014835399999999055,36.0,4,10000
347,347,0.01486720000000119,36.0,4,10000
348,348,0.014899500000002064,36.0,4,10000
349,349,0.014931400000001815,36.0,4,10000
350,350,0.01496219999999937,36.0,4,10000
351,351,0.014996599999999916,36.0,4,10000
352,352,0.015031499999999198,36.0,4,10000
353,353,0.015067200000000724,36.0,4,10000
354,354,0.015100499999999073,36.0,4,10000
355,355,0.015135600000000693,36.0,4,10000
356,356,0.015169199999998995,36.0,4,10000
357,357,0.015203400000000755,36.0,4,10000
358,358,0.01523390000000191,36.0,4,10000
359,359,0.015265100000000587,36.0,4,10000
360,360,0.015298900000001225,36.0,4,10000
361,361,0.015334100000000461,36.0,4,10000
362,362,0.015369500000002034,36.0,4,10000
363,363,0.015404400000001317,36.0,4,10000
364,364,0.015436799999999806,36.0,4,10000
365,365,0.015468999999999511,36.0,4,10000
366,366,0.01550359999999884,36.0,4,10000
367,367,0.01553739999999948,36.0,4,10000
368,368,0.015569299999999231,36.0,4,10000
369,369,0.015603399999999823,36.0,4,10000
370,370,0.015636100000001818,36.0,4,10000
371,371,0.015669400000000167,36.0,4,10000
372,372,0.0157026000000009,36.0,4,10000
373,373,0.015732899999999717,36.0,4,10000
374,374,0.015767799999999,36.0,4,10000
375,375,0.01579849999999894,36.0,4,10000
376,376,0.015834099999999296,36.0,4,10000
377,377,0.015866500000001338,36.0,4,10000
378,378,0.01589880000000221,36.0,4,10000
379,379,0.015934399999999016,36.0,4,10000
380,380,0.01596490000000017,36.0,4,10000
381,381,0.016000999999999266,36.0,4,10000
382,382,0.016035300000002195,36.0,4,10000
383,383,0.01606960000000157,36.0,4,10000
384,384,0.016103100000002257,36.0,4,10000
385,385,0.016136400000000606,36.0,4,10000
386,386,0.016170100000000076,36.0,4,10000
387,387,0.01620229999999978,36.0,4,10000
388,388,0.016236599999999157,36.0,4,10000
389,389,0.016269300000001152,36.0,4,10000
390,390,0.016304999999999126,36.0,4,10000
391,391,0.016338000000001074,36.0,4,10000
392,392,0.01637020000000078,36.0,4,10000
393,393,0.016405299999998846,36.0,4,10000
394,394,0.016439900000001728,36.0,4,10000
395,395,0.01647529999999975,36.0,4,10000
396,396,0.016510499999998984,36.0,4,10000
397,397,0.016545700000001773,36.0,4,10000
398,398,0.01657910000000129,36.0,4,10000
399,399,0.01661410000000174,36.0,4,10000
400,400,0.016649799999999715,36.0,4,10000
401,401,0.01668460000000138,36.0,4,10000
402,402,0.016720800000001645,36.0,4,10000
403,403,0.016753300000001303,36.0,4,10000
404,404,0.01678980000000152,36.0,4,10000
405,405,0.01682480000000197,36.0,4,10000
406,406,0.016860000000001207,36.0,4,10000
407,407,0.016892099999999743,36.0,4,10000
408,408,0.016924400000000617,36.0,4,10000
409,409,0.01695980000000219,36.0,4,10000
410,410,0.016998499999999694,36.0,4,10000
411,411,0.017036100000002108,36.0,4,10000
412,412,0.01707320000000223,36.0,4,10000
413,413,0.017113300000001885,36.0,4,10000
414,414,0.017150100000002055,36.0,4,10000
415,415,0.01718530000000129,36.0,4,10000
416,416,0.017221299999999218,36.0,4,10000
417,417,0.01725760000000065,36.0,4,10000
418,418,0.017294800000001942,36.0,4,10000
419,419,0.01733120000000099,36.0,4,10000
420,420,0.017367300000000085,36.0,4,10000
421,421,0.01740270000000166,36.0,4,10000
422,422,0.01743680000000225,36.0,4,10000
423,423,0.01747220000000027,36.0,4,10000
424,424,0.017508400000000535,36.0,4,10000
425,425,0.0175415000000001,36.0,4,10000
426,426,0.017576800000000503,36.0,4,10000
427,427,0.017613100000001936,36.0,4,10000
428,428,0.017648900000001078,36.0,4,10000
429,429,0.01768380000000036,36.0,4,10000
430,430,0.017720100000001793,36.0,4,10000
431,431,0.017752900000001404,36.0,4,10000
432,432,0.01778679999999966,36.0,4,10000
433,433,0.017821500000000157,36.0,4,10000
434,434,0.017856099999999486,36.0,4,10000
435,435,0.017892899999999656,36.0,4,10000
436,436,0.017929699999999826,36.0,4,10000
437,437,0.017964700000000278,36.0,4,10000
438,438,0.018000199999999467,36.0,4,10000
439,439,0.018036999999999637,36.0,4,10000
440,440,0.018072199999998872,36.0,4,10000
441,441,0.018108600000001474,36.0,4,10000
442,442,0.01814590000000038,36.0,4,10000
443,443,0.018184699999999054,36.0,4,10000
444,444,0.01822140000000161,36.0,4,10000
445,445,0.018257900000001825,36.0,4,10000
446,446,0.01829479999999961,36.0,4,10000
447,447,0.01832950000000011,36.0,4,10000
448,448,0.01836409999999944,36.0,4,10000
449,449,0.018399000000002275,36.0,4,10000
450,450,0.018435400000001323,36.0,4,10000
451,451,0.018470799999999343,36.0,4,10000
452,452,0.018507599999999513,36.0,4,10000
453,453,0.018542100000001227,36.0,4,10000
454,454,0.018578099999999154,36.0,4,10000
455,455,0.018615400000001614,36.0,4,10000
456,456,0.018651999999999447,36.0,4,10000
457,457,0.018686900000002282,36.0,4,10000
458,458,0.018722100000001518,36.0,4,10000
459,459,0.01875800000000183,36.0,4,10000
460,460,0.018796200000000596,36.0,4,10000
461,461,0.018833400000001888,36.0,4,10000
462,462,0.018870700000000795,36.0,4,10000
463,463,0.01890979999999942,36.0,4,10000
464,464,0.01894659999999959,36.0,4,10000
465,465,0.018983200000000977,36.0,4,10000
466,466,0.019019700000001194,36.0,4,10000
467,467,0.019057799999998792,36.0,4,10000
468,468,0.01909300000000158,36.0,4,10000
469,469,0.019130499999999273,36.0,4,10000
470,470,0.019169600000001452,36.0,4,10000
471,471,0.019205500000001763,36.0,4,10000
472,472,0.019244000000000483,36.0,4,10000
473,473,0.019279499999999672,36.0,4,10000
474,474,0.019315200000001198,36.0,4,10000
475,475,0.019353699999999918,36.0,4,10000
476,476,0.019391099999999994,36.0,4,10000
477,477,0.01942929999999876,36.0,4,10000
478,478,0.01946760000000225,36.0,4,10000
479,479,0.01950259999999915,36.0,4,10000
480,480,0.019541900000000112,36.0,4,10000
481,481,0.019579100000001404,36.0,4,10000
482,482,0.019617100000001386,36.0,4,10000
483,483,0.01965579999999889,36.0,4,10000
484,484,0.01969400000000121,36.0,4,10000
485,485,0.019730200000001474,36.0,4,10000
486,486,0.019764900000001973,36.0,4,10000
487,487,0.019801600000000974,36.0,4,10000
488,488,0.01983720000000133,36.0,4,10000
489,489,0.019875200000001314,36.0,4,10000
490,490,0.019912300000001437,36.0,4,10000
491,491,0.019949600000000345,36.0,4,10000
492,492,0.01998700000000042,36.0,4,10000
493,493,0.020022300000000826,36.0,4,10000
494,494,0.020057399999998893,36.0,4,10000
495,495,0.02009209999999939,36.0,4,10000
496,496,0.020127800000000917,36.0,4,10000
497,497,0.020197400000000698,36.0,4,10000
498,498,0.02024420000000049,36.0,4,10000
499,499,0.02028500000000122,36.0,4,10000
500,500,0.02032170000000022,36.0,4,10000
501,501,0.020359599999999034,36.0,4,10000
502,502,0.020397800000001354,36.0,4,10000
503,503,0.020434500000000355,36.0,4,10000
504,504,0.020470800000001788,36.0,4,10000
505,505,0.020507200000000836,36.0,4,10000
506,506,0.02054520000000082,36.0,4,10000
507,507,0.0205832000000008,36.0,4,10000
508,508,0.020620199999999755,36.0,4,10000
509,509,0.020657100000001094,36.0,4,10000
510,510,0.020695899999999767,36.0,4,10000
511,511,0.020733400000001012,36.0,4,10000
512,512,0.020770399999999967,36.0,4,10000
513,513,0.020809500000002146,36.0,4,10000
514,514,0.02084639999999993,36.0,4,10000
515,515,0.02088369999999884,36.0,4,10000
516,516,0.02092230000000228,36.0,4,10000
517,517,0.020958900000000114,36.0,4,10000
518,518,0.02099670000000131,36.0,4,10000
519,519,0.021035000000001247,36.0,4,10000
520,520,0.021074999999999733,36.0,4,10000
521,521,0.021112099999999856,36.0,4,10000
522,522,0.02115009999999984,36.0,4,10000
523,523,0.021188900000002064,36.0,4,10000
524,524,0.021226000000002188,36.0,4,10000
525,525,0.021262799999998805,36.0,4,10000
526,526,0.0213017000000022,36.0,4,10000
527,527,0.021343800000000357,36.0,4,10000
528,528,0.021381200000000433,36.0,4,10000
529,529,0.021458200000001426,36.0,4,10000
530,530,0.02149530000000155,36.0,4,10000
531,531,0.02153300000000158,36.0,4,10000
532,532,0.021572500000001327,36.0,4,10000
533,533,0.021612100000002243,36.0,4,10000
534,534,0.02164900000000003,36.0,4,10000
535,535,0.021689500000000805,36.0,4,10000
536,536,0.021728899999999385,36.0,4,10000
537,537,0.02176899999999904,36.0,4,10000
538,538,0.021806099999999162,36.0,4,10000
539,539,0.02184480000000022,36.0,4,10000
540,540,0.021885000000001043,36.0,4,10000
541,541,0.021923799999999716,36.0,4,10000
542,542,0.02196089999999984,36.0,4,10000
543,543,0.021997800000001178,36.0,4,10000
544,544,0.022035999999999945,36.0,4,10000
545,545,0.02207650000000072,36.0,4,10000
546,546,0.022117099999999112,36.0,4,10000
547,547,0.022154199999999236,36.0,4,10000
548,548,0.022197999999999496,36.0,4,10000
549,549,0.02223650000000177,36.0,4,10000
550,550,0.022275600000000395,36.0,4,10000
551,551,0.022313300000000424,36.0,4,10000
552,552,0.02234939999999952,36.0,4,10000
553,553,0.022386000000000905,36.0,4,10000
554,554,0.022424199999999672,36.0,4,10000
555,555,0.022463999999999373,36.0,4,10000
556,556,0.022500700000001927,36.0,4,10000
557,557,0.022541000000000366,36.0,4,10000
558,558,0.022578200000001658,36.0,4,10000
559,559,0.022614700000001875,36.0,4,10000
560,560,0.022653999999999286,36.0,4,10000
561,561,0.02269420000000011,36.0,4,10000
562,562,0.022732999999998782,36.0,4,10000
563,563,0.022770500000000027,36.0,4,10000
564,564,0.02280760000000015,36.0,4,10000
565,565,0.02284480000000144,36.0,4,10000
566,566,0.02288210000000035,36.0,4,10000
567,567,0.022922300000001172,36.0,4,10000
568,568,0.022960600000001108,36.0,4,10000
569,569,0.022998399999998753,36.0,4,10000
570,570,0.02303540000000126,36.0,4,10000
571,571,0.02307300000000012,36.0,4,10000
572,572,0.023114100000000803,36.0,4,10000
573,573,0.023152599999999524,36.0,4,10000
574,574,0.023193599999999037,36.0,4,10000
575,575,0.023231500000001404,36.0,4,10000
576,576,0.023270799999998815,36.0,4,10000
577,577,0.023312000000000666,36.0,4,10000
578,578,0.02335250000000144,36.0,4,10000
579,579,0.023390899999998993,36.0,4,10000
580,580,0.023431500000000938,36.0,4,10000
581,581,0.023470100000000826,36.0,4,10000
582,582,0.023510900000001556,36.0,4,10000
583,583,0.023550199999998966,36.0,4,10000
584,584,0.02358860000000007,36.0,4,10000
585,585,0.023630400000001828,36.0,4,10000
586,586,0.02366930000000167,36.0,4,10000
587,587,0.02371000000000123,36.0,4,10000
588,588,0.023748799999999903,36.0,4,10000
589,589,0.023786300000001148,36.0,4,10000
590,590,0.02382379999999884,36.0,4,10000
591,591,0.023864700000000738,36.0,4,10000
592,592,0.02390580000000142,36.0,4,10000
593,593,0.02394430000000014,36.0,4,10000
594,594,0.023984800000000916,36.0,4,10000
595,595,0.02402449999999945,36.0,4,10000
596,596,0.024062400000001816,36.0,4,10000
597,597,0.024103000000000208,36.0,4,10000
598,598,0.02414269999999874,36.0,4,10000
599,599,0.024188600000002225,36.0,4,10000
600,600,0.024230700000000382,36.0,4,10000
601,601,0.024272200000002186,36.0,4,10000
602,602,0.024312600000001794,36.0,4,10000
603,603,0.024353699999998923,36.0,4,10000
604,604,0.024395800000000634,36.0,4,10000
605,605,0.02443720000000127,36.0,4,10000
606,606,0.024476700000001017,36.0,4,10000
607,607,0.024513999999999925,36.0,4,10000
608,608,0.024554300000001916,36.0,4,10000
609,609,0.024592699999999468,36.0,4,10000
610,610,0.024634200000001272,36.0,4,10000
611,611,0.024675300000001954,36.0,4,10000
612,612,0.02471740000000011,36.0,4,10000
613,613,0.02475650000000229,36.0,4,10000
614,614,0.024798199999999326,36.0,4,10000
615,615,0.024839000000000055,36.0,4,10000
616,616,0.02487909999999971,36.0,4,10000
617,617,0.02491810000000072,36.0,4,10000
618,618,0.024960100000001262,36.0,4,10000
619,619,0.025001200000001944,36.0,4,10000
620,620,0.025040900000000477,36.0,4,10000
621,621,0.025080400000000225,36.0,4,10000
622,622,0.02512000000000114,36.0,4,10000
623,623,0.02516419999999897,36.0,4,10000
624,624,0.025259399999999488,36.0,4,10000
625,625,0.02534389999999931,36.0,4,10000
626,626,0.025387500000000784,36.0,4,10000
627,627,0.025429100000000204,36.0,4,10000
628,628,0.025472900000000465,36.0,4,10000
629,629,0.02551560000000208,36.0,4,10000
630,630,0.025554500000001923,36.0,4,10000
631,631,0.025596300000000127,36.0,4,10000
632,632,0.02563470000000123,36.0,4,10000
633,633,0.025677900000001586,36.0,4,10000
634,634,0.025718499999999977,36.0,4,10000
635,635,0.025759400000001875,36.0,4,10000
636,636,0.025801500000000033,36.0,4,10000
637,637,0.025840900000002165,36.0,4,10000
638,638,0.0258825999999992,36.0,4,10000
639,639,0.025924200000002173,36.0,4,10000
640,640,0.025963400000001968,36.0,4,10000
641,641,0.02600179999999952,36.0,4,10000
642,642,0.026042300000000296,36.0,4,10000
643,643,0.02608199999999883,36.0,4,10000
644,644,0.02612450000000166,36.0,4,10000
645,645,0.026170400000001592,36.0,4,10000
646,646,0.02621249999999975,36.0,4,10000
647,647,0.026252700000000573,36.0,4,10000
648,648,0.026295100000002236,36.0,4,10000
649,649,0.026338100000000253,36.0,4,10000
650,650,0.026384499999998923,36.0,4,10000
651,651,0.026426499999999464,36.0,4,10000
652,652,0.026467400000001362,36.0,4,10000
653,653,0.026511200000001622,36.0,4,10000
654,654,0.02655380000000207,36.0,4,10000
655,655,0.02659230000000079,36.0,4,10000
656,656,0.026632800000001566,36.0,4,10000
657,657,0.02667680000000061,36.0,4,10000
658,658,0.02671760000000134,36.0,4,10000
659,659,0.026760200000001788,36.0,4,10000
660,660,0.026800200000000274,36.0,4,10000
661,661,0.026842600000001937,36.0,4,10000
662,662,0.026883300000001498,36.0,4,10000
663,663,0.026924100000002227,36.0,4,10000
664,664,0.026966200000000384,36.0,4,10000
665,665,0.027008800000000832,36.0,4,10000
666,666,0.027052099999998802,36.0,4,10000
667,667,0.027091600000002103,36.0,4,10000
668,668,0.027134900000000073,36.0,4,10000
669,669,0.02717660000000066,36.0,4,10000
670,670,0.027217900000000128,36.0,4,10000
671,671,0.02725859999999969,36.0,4,10000
672,672,0.027299200000001633,36.0,4,10000
673,673,0.027341500000002128,36.0,4,10000
674,674,0.0273834000000015,36.0,4,10000
675,675,0.02742500000000092,36.0,4,10000
676,676,0.027467200000000247,36.0,4,10000
677,677,0.027511199999999292,36.0,4,10000
678,678,0.02755430000000203,36.0,4,10000
679,679,0.027593800000001778,36.0,4,10000
680,680,0.027639100000001804,36.0,4,10000
681,681,0.027681600000001083,36.0,4,10000
682,682,0.02772369999999924,36.0,4,10000
683,683,0.027767700000001838,36.0,4,10000
684,684,0.027812000000000836,36.0,4,10000
685,685,0.02785599999999988,36.0,4,10000
686,686,0.027898799999999113,36.0,4,10000
687,687,0.027942700000000542,36.0,4,10000
688,688,0.02798400000000001,36.0,4,10000
689,689,0.028028299999999007,36.0,4,10000
690,690,0.02806849999999983,36.0,4,10000
691,691,0.028108899999999437,36.0,4,10000
692,692,0.028153800000001894,36.0,4,10000
693,693,0.028196499999999958,36.0,4,10000
694,694,0.02823890000000162,36.0,4,10000
695,695,0.02828129999999973,36.0,4,10000
696,696,0.028326800000002095,36.0,4,10000
697,697,0.028370500000001186,36.0,4,10000
698,698,0.02841670000000107,36.0,4,10000
699,699,0.02846189999999993,36.0,4,10000
700,700,0.02850779999999986,36.0,4,10000
701,701,0.028554100000000915,36.0,4,10000
702,702,0.0285972000000001,36.0,4,10000
703,703,0.02864100000000036,36.0,4,10000
704,704,0.028684200000000715,36.0,4,10000
705,705,0.028726299999998872,36.0,4,10000
706,706,0.028770099999999132,36.0,4,10000
707,707,0.028814799999999252,36.0,4,10000
708,708,0.028860099999999278,36.0,4,10000
709,709,0.02890109999999879,36.0,4,10000
710,710,0.0289445999999991,36.0,4,10000
711,711,0.028990199999999078,36.0,4,10000
712,712,0.029034700000000413,36.0,4,10000
713,713,0.029075900000002264,36.0,4,10000
714,714,0.02911900000000145,36.0,4,10000
715,715,0.029162100000000635,36.0,4,10000
716,716,0.029207200000001876,36.0,4,10000
717,717,0.029251600000002043,36.0,4,10000
718,718,0.029296500000000947,36.0,4,10000
719,719,0.029340699999998776,36.0,4,10000
720,720,0.029386299999998755,36.0,4,10000
721,721,0.029432400000001024,36.0,4,10000
722,722,0.0294762999999989,36.0,4,10000
723,723,0.029518299999999442,36.0,4,10000
724,724,0.029562000000002087,36.0,4,10000
725,725,0.029605000000000103,36.0,4,10000
